page_type,canonical_url,observed_in_sitemap,source_sitemap,observed_date
research_hub,https://storeradar.co/research,true,https://storeradar.co/apps-sitemap.xml,2026-09-28
research,https://storeradar.co/research/shopify-store-intelligence,true,https://storeradar.co/apps-sitemap.xml,2026-09-28
research,https://storeradar.co/research/shopify-store-database,true,https://storeradar.co/apps-sitemap.xml,2026-09-28
research,https://storeradar.co/research/store-leads-alternatives,true,https://storeradar.co/apps-sitemap.xml,2026-09-28
research,https://storeradar.co/research/how-to-find-shopify-stores,true,https://storeradar.co/apps-sitemap.xml,2026-09-28
research,https://storeradar.co/research/shopify-prospect-intelligence,true,https://storeradar.co/apps-sitemap.xml,2026-09-28
app_directory,https://storeradar.co/apps,true,https://storeradar.co/apps-sitemap.xml,2026-09-28
app_cohort,https://storeradar.co/apps/site-index,true,https://storeradar.co/apps-sitemap.xml,2026-09-28
app_cohort,https://storeradar.co/apps/category/email-marketing,true,https://storeradar.co/apps-sitemap.xml,2026-09-28
app_cohort,https://storeradar.co/apps/category/reviews-social-proof,true,https://storeradar.co/apps-sitemap.xml,2026-09-28
app_cohort,https://storeradar.co/apps/category/cro-personalization,true,https://storeradar.co/apps-sitemap.xml,2026-09-28
app_cohort,https://storeradar.co/apps/category/analytics-tracking,true,https://storeradar.co/apps-sitemap.xml,2026-09-28
app_cohort,https://storeradar.co/apps/category/seo-site-health,true,https://storeradar.co/apps-sitemap.xml,2026-09-28
app_cohort,https://storeradar.co/apps/category/acquisition-affiliate-feeds,true,https://storeradar.co/apps-sitemap.xml,2026-09-28
app_cohort,https://storeradar.co/apps/category/search-merchandising,true,https://storeradar.co/apps-sitemap.xml,2026-09-28
app_cohort,https://storeradar.co/apps/category/storefront-page-building,true,https://storeradar.co/apps-sitemap.xml,2026-09-28
app_cohort,https://storeradar.co/apps/category/upsell-bundles,true,https://storeradar.co/apps-sitemap.xml,2026-09-28
app_cohort,https://storeradar.co/apps/category/subscriptions-retention,true,https://storeradar.co/apps-sitemap.xml,2026-09-28
app_cohort,https://storeradar.co/apps/category/loyalty-referrals,true,https://storeradar.co/apps-sitemap.xml,2026-09-28
app_cohort,https://storeradar.co/apps/category/payments-checkout,true,https://storeradar.co/apps-sitemap.xml,2026-09-28
app_cohort,https://storeradar.co/apps/category/support-chat,true,https://storeradar.co/apps-sitemap.xml,2026-09-28
app_cohort,https://storeradar.co/apps/category/shipping-returns,true,https://storeradar.co/apps-sitemap.xml,2026-09-28
app_cohort,https://storeradar.co/apps/category/b2b-wholesale,true,https://storeradar.co/apps-sitemap.xml,2026-09-28
app_cohort,https://storeradar.co/apps/category/international-privacy-accessibility,true,https://storeradar.co/apps-sitemap.xml,2026-09-28
app_cohort,https://storeradar.co/apps/category/fraud-risk-compliance,true,https://storeradar.co/apps-sitemap.xml,2026-09-28
app_cohort,https://storeradar.co/apps/category/customization-print-on-demand,true,https://storeradar.co/apps-sitemap.xml,2026-09-28
app_cohort,https://storeradar.co/apps/category/booking-preorder-forms,true,https://storeradar.co/apps-sitemap.xml,2026-09-28
app_cohort,https://storeradar.co/apps/category/social-content-widgets,true,https://storeradar.co/apps-sitemap.xml,2026-09-28
app_cohort,https://storeradar.co/apps/category/other-shopify-tools,true,https://storeradar.co/apps-sitemap.xml,2026-09-28
app_cohort,https://storeradar.co/apps/stack/afterpay-and-avada-seo,true,https://storeradar.co/apps-sitemap.xml,2026-09-28
app_cohort,https://storeradar.co/apps/stack/afterpay-and-bold,true,https://storeradar.co/apps-sitemap.xml,2026-09-28
app_cohort,https://storeradar.co/apps/stack/afterpay-and-boost-commerce,true,https://storeradar.co/apps-sitemap.xml,2026-09-28
app_cohort,https://storeradar.co/apps/stack/afterpay-and-frequently-bought-together,true,https://storeradar.co/apps-sitemap.xml,2026-09-28
app_cohort,https://storeradar.co/apps/stack/afterpay-and-helpscout,true,https://storeradar.co/apps-sitemap.xml,2026-09-28
app_cohort,https://storeradar.co/apps/stack/afterpay-and-instafeed,true,https://storeradar.co/apps-sitemap.xml,2026-09-28
app_cohort,https://storeradar.co/apps/stack/afterpay-and-judge-me,true,https://storeradar.co/apps-sitemap.xml,2026-09-28
app_cohort,https://storeradar.co/apps/stack/afterpay-and-klaviyo,true,https://storeradar.co/apps-sitemap.xml,2026-09-28
app_cohort,https://storeradar.co/apps/stack/afterpay-and-loox,true,https://storeradar.co/apps-sitemap.xml,2026-09-28
app_cohort,https://storeradar.co/apps/stack/afterpay-and-okendo,true,https://storeradar.co/apps-sitemap.xml,2026-09-28
app_cohort,https://storeradar.co/apps/stack/afterpay-and-pagefly,true,https://storeradar.co/apps-sitemap.xml,2026-09-28
app_cohort,https://storeradar.co/apps/stack/afterpay-and-powr,true,https://storeradar.co/apps-sitemap.xml,2026-09-28
app_cohort,https://storeradar.co/apps/stack/afterpay-and-privy,true,https://storeradar.co/apps-sitemap.xml,2026-09-28
app_cohort,https://storeradar.co/apps/stack/afterpay-and-productbadge,true,https://storeradar.co/apps-sitemap.xml,2026-09-28
app_cohort,https://storeradar.co/apps/stack/afterpay-and-shop-pay,true,https://storeradar.co/apps-sitemap.xml,2026-09-28
app_cohort,https://storeradar.co/apps/stack/afterpay-and-smile-io,true,https://storeradar.co/apps-sitemap.xml,2026-09-28
app_cohort,https://storeradar.co/apps/stack/afterpay-and-swym,true,https://storeradar.co/apps-sitemap.xml,2026-09-28
app_cohort,https://storeradar.co/apps/stack/afterpay-and-visually,true,https://storeradar.co/apps-sitemap.xml,2026-09-28
app_cohort,https://storeradar.co/apps/stack/afterpay-and-yotpo,true,https://storeradar.co/apps-sitemap.xml,2026-09-28
app_cohort,https://storeradar.co/apps/stack/avada-seo-and-bold,true,https://storeradar.co/apps-sitemap.xml,2026-09-28
app_cohort,https://storeradar.co/apps/stack/avada-seo-and-boost-commerce,true,https://storeradar.co/apps-sitemap.xml,2026-09-28
app_cohort,https://storeradar.co/apps/stack/avada-seo-and-frequently-bought-together,true,https://storeradar.co/apps-sitemap.xml,2026-09-28
app_cohort,https://storeradar.co/apps/stack/avada-seo-and-helpscout,true,https://storeradar.co/apps-sitemap.xml,2026-09-28
app_cohort,https://storeradar.co/apps/stack/avada-seo-and-instafeed,true,https://storeradar.co/apps-sitemap.xml,2026-09-28
app_cohort,https://storeradar.co/apps/stack/avada-seo-and-instant,true,https://storeradar.co/apps-sitemap.xml,2026-09-28
app_cohort,https://storeradar.co/apps/stack/avada-seo-and-judge-me,true,https://storeradar.co/apps-sitemap.xml,2026-09-28
app_cohort,https://storeradar.co/apps/stack/avada-seo-and-klaviyo,true,https://storeradar.co/apps-sitemap.xml,2026-09-28
app_cohort,https://storeradar.co/apps/stack/avada-seo-and-loox,true,https://storeradar.co/apps-sitemap.xml,2026-09-28
app_cohort,https://storeradar.co/apps/stack/avada-seo-and-omnisend,true,https://storeradar.co/apps-sitemap.xml,2026-09-28
app_cohort,https://storeradar.co/apps/stack/avada-seo-and-pagefly,true,https://storeradar.co/apps-sitemap.xml,2026-09-28
app_cohort,https://storeradar.co/apps/stack/avada-seo-and-powr,true,https://storeradar.co/apps-sitemap.xml,2026-09-28
app_cohort,https://storeradar.co/apps/stack/avada-seo-and-printful,true,https://storeradar.co/apps-sitemap.xml,2026-09-28
app_cohort,https://storeradar.co/apps/stack/avada-seo-and-productbadge,true,https://storeradar.co/apps-sitemap.xml,2026-09-28
app_cohort,https://storeradar.co/apps/stack/avada-seo-and-shop-pay,true,https://storeradar.co/apps-sitemap.xml,2026-09-28
app_cohort,https://storeradar.co/apps/stack/avada-seo-and-smile-io,true,https://storeradar.co/apps-sitemap.xml,2026-09-28
app_cohort,https://storeradar.co/apps/stack/avada-seo-and-swym,true,https://storeradar.co/apps-sitemap.xml,2026-09-28
app_cohort,https://storeradar.co/apps/stack/avada-seo-and-visually,true,https://storeradar.co/apps-sitemap.xml,2026-09-28
app_cohort,https://storeradar.co/apps/stack/avada-seo-and-yotpo,true,https://storeradar.co/apps-sitemap.xml,2026-09-28
app_cohort,https://storeradar.co/apps/stack/bold-and-boost-commerce,true,https://storeradar.co/apps-sitemap.xml,2026-09-28
app_cohort,https://storeradar.co/apps/stack/bold-and-frequently-bought-together,true,https://storeradar.co/apps-sitemap.xml,2026-09-28
app_cohort,https://storeradar.co/apps/stack/bold-and-gempages,true,https://storeradar.co/apps-sitemap.xml,2026-09-28
app_cohort,https://storeradar.co/apps/stack/bold-and-helpscout,true,https://storeradar.co/apps-sitemap.xml,2026-09-28
app_cohort,https://storeradar.co/apps/stack/bold-and-instafeed,true,https://storeradar.co/apps-sitemap.xml,2026-09-28
app_cohort,https://storeradar.co/apps/stack/bold-and-instant,true,https://storeradar.co/apps-sitemap.xml,2026-09-28
app_cohort,https://storeradar.co/apps/stack/bold-and-judge-me,true,https://storeradar.co/apps-sitemap.xml,2026-09-28
app_cohort,https://storeradar.co/apps/stack/bold-and-klaviyo,true,https://storeradar.co/apps-sitemap.xml,2026-09-28
app_cohort,https://storeradar.co/apps/stack/bold-and-loox,true,https://storeradar.co/apps-sitemap.xml,2026-09-28
app_cohort,https://storeradar.co/apps/stack/bold-and-okendo,true,https://storeradar.co/apps-sitemap.xml,2026-09-28
app_cohort,https://storeradar.co/apps/stack/bold-and-omnisend,true,https://storeradar.co/apps-sitemap.xml,2026-09-28
app_cohort,https://storeradar.co/apps/stack/bold-and-pagefly,true,https://storeradar.co/apps-sitemap.xml,2026-09-28
app_cohort,https://storeradar.co/apps/stack/bold-and-powr,true,https://storeradar.co/apps-sitemap.xml,2026-09-28
app_cohort,https://storeradar.co/apps/stack/bold-and-printful,true,https://storeradar.co/apps-sitemap.xml,2026-09-28
app_cohort,https://storeradar.co/apps/stack/bold-and-privy,true,https://storeradar.co/apps-sitemap.xml,2026-09-28
app_cohort,https://storeradar.co/apps/stack/bold-and-productbadge,true,https://storeradar.co/apps-sitemap.xml,2026-09-28
app_cohort,https://storeradar.co/apps/stack/bold-and-shop-pay,true,https://storeradar.co/apps-sitemap.xml,2026-09-28
app_cohort,https://storeradar.co/apps/stack/bold-and-smile-io,true,https://storeradar.co/apps-sitemap.xml,2026-09-28
app_cohort,https://storeradar.co/apps/stack/bold-and-swym,true,https://storeradar.co/apps-sitemap.xml,2026-09-28
app_cohort,https://storeradar.co/apps/stack/bold-and-visually,true,https://storeradar.co/apps-sitemap.xml,2026-09-28
app_cohort,https://storeradar.co/apps/stack/bold-and-weglot,true,https://storeradar.co/apps-sitemap.xml,2026-09-28
app_cohort,https://storeradar.co/apps/stack/bold-and-yotpo,true,https://storeradar.co/apps-sitemap.xml,2026-09-28
app_cohort,https://storeradar.co/apps/stack/boost-commerce-and-frequently-bought-together,true,https://storeradar.co/apps-sitemap.xml,2026-09-28
app_cohort,https://storeradar.co/apps/stack/boost-commerce-and-helpscout,true,https://storeradar.co/apps-sitemap.xml,2026-09-28
app_cohort,https://storeradar.co/apps/stack/boost-commerce-and-instafeed,true,https://storeradar.co/apps-sitemap.xml,2026-09-28
app_cohort,https://storeradar.co/apps/stack/boost-commerce-and-instant,true,https://storeradar.co/apps-sitemap.xml,2026-09-28
app_cohort,https://storeradar.co/apps/stack/boost-commerce-and-judge-me,true,https://storeradar.co/apps-sitemap.xml,2026-09-28
app_cohort,https://storeradar.co/apps/stack/boost-commerce-and-klaviyo,true,https://storeradar.co/apps-sitemap.xml,2026-09-28
app_cohort,https://storeradar.co/apps/stack/boost-commerce-and-loox,true,https://storeradar.co/apps-sitemap.xml,2026-09-28
app_cohort,https://storeradar.co/apps/stack/boost-commerce-and-omnisend,true,https://storeradar.co/apps-sitemap.xml,2026-09-28
app_cohort,https://storeradar.co/apps/stack/boost-commerce-and-pagefly,true,https://storeradar.co/apps-sitemap.xml,2026-09-28
app_cohort,https://storeradar.co/apps/stack/boost-commerce-and-powr,true,https://storeradar.co/apps-sitemap.xml,2026-09-28
app_cohort,https://storeradar.co/apps/stack/boost-commerce-and-productbadge,true,https://storeradar.co/apps-sitemap.xml,2026-09-28
app_cohort,https://storeradar.co/apps/stack/boost-commerce-and-shop-pay,true,https://storeradar.co/apps-sitemap.xml,2026-09-28
app_cohort,https://storeradar.co/apps/stack/boost-commerce-and-smile-io,true,https://storeradar.co/apps-sitemap.xml,2026-09-28
app_cohort,https://storeradar.co/apps/stack/boost-commerce-and-swym,true,https://storeradar.co/apps-sitemap.xml,2026-09-28
app_cohort,https://storeradar.co/apps/stack/boost-commerce-and-visually,true,https://storeradar.co/apps-sitemap.xml,2026-09-28
app_cohort,https://storeradar.co/apps/stack/boost-commerce-and-weglot,true,https://storeradar.co/apps-sitemap.xml,2026-09-28
app_cohort,https://storeradar.co/apps/stack/boost-commerce-and-yotpo,true,https://storeradar.co/apps-sitemap.xml,2026-09-28
app_cohort,https://storeradar.co/apps/stack/frequently-bought-together-and-helpscout,true,https://storeradar.co/apps-sitemap.xml,2026-09-28
app_cohort,https://storeradar.co/apps/stack/frequently-bought-together-and-instafeed,true,https://storeradar.co/apps-sitemap.xml,2026-09-28
app_cohort,https://storeradar.co/apps/stack/frequently-bought-together-and-instant,true,https://storeradar.co/apps-sitemap.xml,2026-09-28
app_cohort,https://storeradar.co/apps/stack/frequently-bought-together-and-judge-me,true,https://storeradar.co/apps-sitemap.xml,2026-09-28
app_cohort,https://storeradar.co/apps/stack/frequently-bought-together-and-klaviyo,true,https://storeradar.co/apps-sitemap.xml,2026-09-28
app_cohort,https://storeradar.co/apps/stack/frequently-bought-together-and-loox,true,https://storeradar.co/apps-sitemap.xml,2026-09-28
app_cohort,https://storeradar.co/apps/stack/frequently-bought-together-and-omnisend,true,https://storeradar.co/apps-sitemap.xml,2026-09-28
app_cohort,https://storeradar.co/apps/stack/frequently-bought-together-and-pagefly,true,https://storeradar.co/apps-sitemap.xml,2026-09-28
app_cohort,https://storeradar.co/apps/stack/frequently-bought-together-and-productbadge,true,https://storeradar.co/apps-sitemap.xml,2026-09-28
app_cohort,https://storeradar.co/apps/stack/frequently-bought-together-and-shop-pay,true,https://storeradar.co/apps-sitemap.xml,2026-09-28
app_cohort,https://storeradar.co/apps/stack/frequently-bought-together-and-smile-io,true,https://storeradar.co/apps-sitemap.xml,2026-09-28
app_cohort,https://storeradar.co/apps/stack/frequently-bought-together-and-swym,true,https://storeradar.co/apps-sitemap.xml,2026-09-28
app_cohort,https://storeradar.co/apps/stack/frequently-bought-together-and-visually,true,https://storeradar.co/apps-sitemap.xml,2026-09-28
app_cohort,https://storeradar.co/apps/stack/frequently-bought-together-and-yotpo,true,https://storeradar.co/apps-sitemap.xml,2026-09-28
app_cohort,https://storeradar.co/apps/stack/gempages-and-helpscout,true,https://storeradar.co/apps-sitemap.xml,2026-09-28
app_cohort,https://storeradar.co/apps/stack/gempages-and-instafeed,true,https://storeradar.co/apps-sitemap.xml,2026-09-28
app_cohort,https://storeradar.co/apps/stack/gempages-and-instant,true,https://storeradar.co/apps-sitemap.xml,2026-09-28
app_cohort,https://storeradar.co/apps/stack/gempages-and-judge-me,true,https://storeradar.co/apps-sitemap.xml,2026-09-28
app_cohort,https://storeradar.co/apps/stack/gempages-and-klaviyo,true,https://storeradar.co/apps-sitemap.xml,2026-09-28
app_cohort,https://storeradar.co/apps/stack/gempages-and-loox,true,https://storeradar.co/apps-sitemap.xml,2026-09-28
app_cohort,https://storeradar.co/apps/stack/gempages-and-okendo,true,https://storeradar.co/apps-sitemap.xml,2026-09-28
app_cohort,https://storeradar.co/apps/stack/gempages-and-omnisend,true,https://storeradar.co/apps-sitemap.xml,2026-09-28
app_cohort,https://storeradar.co/apps/stack/gempages-and-pagefly,true,https://storeradar.co/apps-sitemap.xml,2026-09-28
app_cohort,https://storeradar.co/apps/stack/gempages-and-productbadge,true,https://storeradar.co/apps-sitemap.xml,2026-09-28
app_cohort,https://storeradar.co/apps/stack/gempages-and-shop-pay,true,https://storeradar.co/apps-sitemap.xml,2026-09-28
app_cohort,https://storeradar.co/apps/stack/gempages-and-visually,true,https://storeradar.co/apps-sitemap.xml,2026-09-28
app_cohort,https://storeradar.co/apps/stack/helpscout-and-instafeed,true,https://storeradar.co/apps-sitemap.xml,2026-09-28
app_cohort,https://storeradar.co/apps/stack/helpscout-and-instant,true,https://storeradar.co/apps-sitemap.xml,2026-09-28
app_cohort,https://storeradar.co/apps/stack/helpscout-and-judge-me,true,https://storeradar.co/apps-sitemap.xml,2026-09-28
app_cohort,https://storeradar.co/apps/stack/helpscout-and-klaviyo,true,https://storeradar.co/apps-sitemap.xml,2026-09-28
app_cohort,https://storeradar.co/apps/stack/helpscout-and-loox,true,https://storeradar.co/apps-sitemap.xml,2026-09-28
app_cohort,https://storeradar.co/apps/stack/helpscout-and-okendo,true,https://storeradar.co/apps-sitemap.xml,2026-09-28
app_cohort,https://storeradar.co/apps/stack/helpscout-and-omnisend,true,https://storeradar.co/apps-sitemap.xml,2026-09-28
app_cohort,https://storeradar.co/apps/stack/helpscout-and-pagefly,true,https://storeradar.co/apps-sitemap.xml,2026-09-28
app_cohort,https://storeradar.co/apps/stack/helpscout-and-powr,true,https://storeradar.co/apps-sitemap.xml,2026-09-28
app_cohort,https://storeradar.co/apps/stack/helpscout-and-printful,true,https://storeradar.co/apps-sitemap.xml,2026-09-28
app_cohort,https://storeradar.co/apps/stack/helpscout-and-privy,true,https://storeradar.co/apps-sitemap.xml,2026-09-28
app_cohort,https://storeradar.co/apps/stack/helpscout-and-productbadge,true,https://storeradar.co/apps-sitemap.xml,2026-09-28
app_cohort,https://storeradar.co/apps/stack/helpscout-and-shop-pay,true,https://storeradar.co/apps-sitemap.xml,2026-09-28
app_cohort,https://storeradar.co/apps/stack/helpscout-and-smile-io,true,https://storeradar.co/apps-sitemap.xml,2026-09-28
app_cohort,https://storeradar.co/apps/stack/helpscout-and-swym,true,https://storeradar.co/apps-sitemap.xml,2026-09-28
app_cohort,https://storeradar.co/apps/stack/helpscout-and-visually,true,https://storeradar.co/apps-sitemap.xml,2026-09-28
app_cohort,https://storeradar.co/apps/stack/helpscout-and-weglot,true,https://storeradar.co/apps-sitemap.xml,2026-09-28
app_cohort,https://storeradar.co/apps/stack/helpscout-and-yotpo,true,https://storeradar.co/apps-sitemap.xml,2026-09-28
app_cohort,https://storeradar.co/apps/stack/instafeed-and-instant,true,https://storeradar.co/apps-sitemap.xml,2026-09-28
app_cohort,https://storeradar.co/apps/stack/instafeed-and-judge-me,true,https://storeradar.co/apps-sitemap.xml,2026-09-28
app_cohort,https://storeradar.co/apps/stack/instafeed-and-klaviyo,true,https://storeradar.co/apps-sitemap.xml,2026-09-28
app_cohort,https://storeradar.co/apps/stack/instafeed-and-loox,true,https://storeradar.co/apps-sitemap.xml,2026-09-28
app_cohort,https://storeradar.co/apps/stack/instafeed-and-okendo,true,https://storeradar.co/apps-sitemap.xml,2026-09-28
app_cohort,https://storeradar.co/apps/stack/instafeed-and-omnisend,true,https://storeradar.co/apps-sitemap.xml,2026-09-28
app_cohort,https://storeradar.co/apps/stack/instafeed-and-pagefly,true,https://storeradar.co/apps-sitemap.xml,2026-09-28
app_cohort,https://storeradar.co/apps/stack/instafeed-and-powr,true,https://storeradar.co/apps-sitemap.xml,2026-09-28
app_cohort,https://storeradar.co/apps/stack/instafeed-and-printful,true,https://storeradar.co/apps-sitemap.xml,2026-09-28
app_cohort,https://storeradar.co/apps/stack/instafeed-and-privy,true,https://storeradar.co/apps-sitemap.xml,2026-09-28
app_cohort,https://storeradar.co/apps/stack/instafeed-and-productbadge,true,https://storeradar.co/apps-sitemap.xml,2026-09-28
app_cohort,https://storeradar.co/apps/stack/instafeed-and-shop-pay,true,https://storeradar.co/apps-sitemap.xml,2026-09-28
app_cohort,https://storeradar.co/apps/stack/instafeed-and-smile-io,true,https://storeradar.co/apps-sitemap.xml,2026-09-28
app_cohort,https://storeradar.co/apps/stack/instafeed-and-swym,true,https://storeradar.co/apps-sitemap.xml,2026-09-28
app_cohort,https://storeradar.co/apps/stack/instafeed-and-visually,true,https://storeradar.co/apps-sitemap.xml,2026-09-28
app_cohort,https://storeradar.co/apps/stack/instafeed-and-weglot,true,https://storeradar.co/apps-sitemap.xml,2026-09-28
app_cohort,https://storeradar.co/apps/stack/instafeed-and-yotpo,true,https://storeradar.co/apps-sitemap.xml,2026-09-28
app_cohort,https://storeradar.co/apps/stack/instant-and-judge-me,true,https://storeradar.co/apps-sitemap.xml,2026-09-28
app_cohort,https://storeradar.co/apps/stack/instant-and-klaviyo,true,https://storeradar.co/apps-sitemap.xml,2026-09-28
app_cohort,https://storeradar.co/apps/stack/instant-and-loox,true,https://storeradar.co/apps-sitemap.xml,2026-09-28
app_cohort,https://storeradar.co/apps/stack/instant-and-omnisend,true,https://storeradar.co/apps-sitemap.xml,2026-09-28
app_cohort,https://storeradar.co/apps/stack/instant-and-pagefly,true,https://storeradar.co/apps-sitemap.xml,2026-09-28
app_cohort,https://storeradar.co/apps/stack/instant-and-productbadge,true,https://storeradar.co/apps-sitemap.xml,2026-09-28
app_cohort,https://storeradar.co/apps/stack/instant-and-shop-pay,true,https://storeradar.co/apps-sitemap.xml,2026-09-28
app_cohort,https://storeradar.co/apps/stack/instant-and-smile-io,true,https://storeradar.co/apps-sitemap.xml,2026-09-28
app_cohort,https://storeradar.co/apps/stack/instant-and-visually,true,https://storeradar.co/apps-sitemap.xml,2026-09-28
app_cohort,https://storeradar.co/apps/stack/judge-me-and-klaviyo,true,https://storeradar.co/apps-sitemap.xml,2026-09-28
app_cohort,https://storeradar.co/apps/stack/judge-me-and-loox,true,https://storeradar.co/apps-sitemap.xml,2026-09-28
app_cohort,https://storeradar.co/apps/stack/judge-me-and-okendo,true,https://storeradar.co/apps-sitemap.xml,2026-09-28
app_cohort,https://storeradar.co/apps/stack/judge-me-and-omnisend,true,https://storeradar.co/apps-sitemap.xml,2026-09-28
app_cohort,https://storeradar.co/apps/stack/judge-me-and-pagefly,true,https://storeradar.co/apps-sitemap.xml,2026-09-28
app_cohort,https://storeradar.co/apps/stack/judge-me-and-powr,true,https://storeradar.co/apps-sitemap.xml,2026-09-28
app_cohort,https://storeradar.co/apps/stack/judge-me-and-printful,true,https://storeradar.co/apps-sitemap.xml,2026-09-28
app_cohort,https://storeradar.co/apps/stack/judge-me-and-privy,true,https://storeradar.co/apps-sitemap.xml,2026-09-28
app_cohort,https://storeradar.co/apps/stack/judge-me-and-productbadge,true,https://storeradar.co/apps-sitemap.xml,2026-09-28
app_cohort,https://storeradar.co/apps/stack/judge-me-and-shop-pay,true,https://storeradar.co/apps-sitemap.xml,2026-09-28
app_cohort,https://storeradar.co/apps/stack/judge-me-and-smile-io,true,https://storeradar.co/apps-sitemap.xml,2026-09-28
app_cohort,https://storeradar.co/apps/stack/judge-me-and-swym,true,https://storeradar.co/apps-sitemap.xml,2026-09-28
app_cohort,https://storeradar.co/apps/stack/judge-me-and-visually,true,https://storeradar.co/apps-sitemap.xml,2026-09-28
app_cohort,https://storeradar.co/apps/stack/judge-me-and-weglot,true,https://storeradar.co/apps-sitemap.xml,2026-09-28
app_cohort,https://storeradar.co/apps/stack/judge-me-and-yotpo,true,https://storeradar.co/apps-sitemap.xml,2026-09-28
app_cohort,https://storeradar.co/apps/stack/klaviyo-and-loox,true,https://storeradar.co/apps-sitemap.xml,2026-09-28
app_cohort,https://storeradar.co/apps/stack/klaviyo-and-okendo,true,https://storeradar.co/apps-sitemap.xml,2026-09-28
app_cohort,https://storeradar.co/apps/stack/klaviyo-and-omnisend,true,https://storeradar.co/apps-sitemap.xml,2026-09-28
app_cohort,https://storeradar.co/apps/stack/klaviyo-and-pagefly,true,https://storeradar.co/apps-sitemap.xml,2026-09-28
app_cohort,https://storeradar.co/apps/stack/klaviyo-and-powr,true,https://storeradar.co/apps-sitemap.xml,2026-09-28
app_cohort,https://storeradar.co/apps/stack/klaviyo-and-printful,true,https://storeradar.co/apps-sitemap.xml,2026-09-28
app_cohort,https://storeradar.co/apps/stack/klaviyo-and-privy,true,https://storeradar.co/apps-sitemap.xml,2026-09-28
app_cohort,https://storeradar.co/apps/stack/klaviyo-and-productbadge,true,https://storeradar.co/apps-sitemap.xml,2026-09-28
app_cohort,https://storeradar.co/apps/stack/klaviyo-and-shop-pay,true,https://storeradar.co/apps-sitemap.xml,2026-09-28
app_cohort,https://storeradar.co/apps/stack/klaviyo-and-smile-io,true,https://storeradar.co/apps-sitemap.xml,2026-09-28
app_cohort,https://storeradar.co/apps/stack/klaviyo-and-swym,true,https://storeradar.co/apps-sitemap.xml,2026-09-28
app_cohort,https://storeradar.co/apps/stack/klaviyo-and-visually,true,https://storeradar.co/apps-sitemap.xml,2026-09-28
app_cohort,https://storeradar.co/apps/stack/klaviyo-and-weglot,true,https://storeradar.co/apps-sitemap.xml,2026-09-28
app_cohort,https://storeradar.co/apps/stack/klaviyo-and-yotpo,true,https://storeradar.co/apps-sitemap.xml,2026-09-28
app_cohort,https://storeradar.co/apps/stack/loox-and-okendo,true,https://storeradar.co/apps-sitemap.xml,2026-09-28
app_cohort,https://storeradar.co/apps/stack/loox-and-omnisend,true,https://storeradar.co/apps-sitemap.xml,2026-09-28
app_cohort,https://storeradar.co/apps/stack/loox-and-pagefly,true,https://storeradar.co/apps-sitemap.xml,2026-09-28
app_cohort,https://storeradar.co/apps/stack/loox-and-powr,true,https://storeradar.co/apps-sitemap.xml,2026-09-28
app_cohort,https://storeradar.co/apps/stack/loox-and-printful,true,https://storeradar.co/apps-sitemap.xml,2026-09-28
app_cohort,https://storeradar.co/apps/stack/loox-and-privy,true,https://storeradar.co/apps-sitemap.xml,2026-09-28
app_cohort,https://storeradar.co/apps/stack/loox-and-productbadge,true,https://storeradar.co/apps-sitemap.xml,2026-09-28
app_cohort,https://storeradar.co/apps/stack/loox-and-shop-pay,true,https://storeradar.co/apps-sitemap.xml,2026-09-28
app_cohort,https://storeradar.co/apps/stack/loox-and-smile-io,true,https://storeradar.co/apps-sitemap.xml,2026-09-28
app_cohort,https://storeradar.co/apps/stack/loox-and-swym,true,https://storeradar.co/apps-sitemap.xml,2026-09-28
app_cohort,https://storeradar.co/apps/stack/loox-and-visually,true,https://storeradar.co/apps-sitemap.xml,2026-09-28
app_cohort,https://storeradar.co/apps/stack/loox-and-weglot,true,https://storeradar.co/apps-sitemap.xml,2026-09-28
app_cohort,https://storeradar.co/apps/stack/loox-and-yotpo,true,https://storeradar.co/apps-sitemap.xml,2026-09-28
app_cohort,https://storeradar.co/apps/stack/okendo-and-omnisend,true,https://storeradar.co/apps-sitemap.xml,2026-09-28
app_cohort,https://storeradar.co/apps/stack/okendo-and-pagefly,true,https://storeradar.co/apps-sitemap.xml,2026-09-28
app_cohort,https://storeradar.co/apps/stack/okendo-and-privy,true,https://storeradar.co/apps-sitemap.xml,2026-09-28
app_cohort,https://storeradar.co/apps/stack/okendo-and-shop-pay,true,https://storeradar.co/apps-sitemap.xml,2026-09-28
app_cohort,https://storeradar.co/apps/stack/okendo-and-smile-io,true,https://storeradar.co/apps-sitemap.xml,2026-09-28
app_cohort,https://storeradar.co/apps/stack/okendo-and-swym,true,https://storeradar.co/apps-sitemap.xml,2026-09-28
app_cohort,https://storeradar.co/apps/stack/okendo-and-visually,true,https://storeradar.co/apps-sitemap.xml,2026-09-28
app_cohort,https://storeradar.co/apps/stack/okendo-and-yotpo,true,https://storeradar.co/apps-sitemap.xml,2026-09-28
app_cohort,https://storeradar.co/apps/stack/omnisend-and-pagefly,true,https://storeradar.co/apps-sitemap.xml,2026-09-28
app_cohort,https://storeradar.co/apps/stack/omnisend-and-printful,true,https://storeradar.co/apps-sitemap.xml,2026-09-28
app_cohort,https://storeradar.co/apps/stack/omnisend-and-productbadge,true,https://storeradar.co/apps-sitemap.xml,2026-09-28
app_cohort,https://storeradar.co/apps/stack/omnisend-and-shop-pay,true,https://storeradar.co/apps-sitemap.xml,2026-09-28
app_cohort,https://storeradar.co/apps/stack/omnisend-and-smile-io,true,https://storeradar.co/apps-sitemap.xml,2026-09-28
app_cohort,https://storeradar.co/apps/stack/omnisend-and-swym,true,https://storeradar.co/apps-sitemap.xml,2026-09-28
app_cohort,https://storeradar.co/apps/stack/omnisend-and-visually,true,https://storeradar.co/apps-sitemap.xml,2026-09-28
app_cohort,https://storeradar.co/apps/stack/omnisend-and-yotpo,true,https://storeradar.co/apps-sitemap.xml,2026-09-28
app_cohort,https://storeradar.co/apps/stack/pagefly-and-powr,true,https://storeradar.co/apps-sitemap.xml,2026-09-28
app_cohort,https://storeradar.co/apps/stack/pagefly-and-printful,true,https://storeradar.co/apps-sitemap.xml,2026-09-28
app_cohort,https://storeradar.co/apps/stack/pagefly-and-privy,true,https://storeradar.co/apps-sitemap.xml,2026-09-28
app_cohort,https://storeradar.co/apps/stack/pagefly-and-productbadge,true,https://storeradar.co/apps-sitemap.xml,2026-09-28
app_cohort,https://storeradar.co/apps/stack/pagefly-and-shop-pay,true,https://storeradar.co/apps-sitemap.xml,2026-09-28
app_cohort,https://storeradar.co/apps/stack/pagefly-and-smile-io,true,https://storeradar.co/apps-sitemap.xml,2026-09-28
app_cohort,https://storeradar.co/apps/stack/pagefly-and-swym,true,https://storeradar.co/apps-sitemap.xml,2026-09-28
app_cohort,https://storeradar.co/apps/stack/pagefly-and-visually,true,https://storeradar.co/apps-sitemap.xml,2026-09-28
app_cohort,https://storeradar.co/apps/stack/pagefly-and-weglot,true,https://storeradar.co/apps-sitemap.xml,2026-09-28
app_cohort,https://storeradar.co/apps/stack/pagefly-and-yotpo,true,https://storeradar.co/apps-sitemap.xml,2026-09-28
app_cohort,https://storeradar.co/apps/stack/powr-and-printful,true,https://storeradar.co/apps-sitemap.xml,2026-09-28
app_cohort,https://storeradar.co/apps/stack/powr-and-privy,true,https://storeradar.co/apps-sitemap.xml,2026-09-28
app_cohort,https://storeradar.co/apps/stack/powr-and-shop-pay,true,https://storeradar.co/apps-sitemap.xml,2026-09-28
app_cohort,https://storeradar.co/apps/stack/powr-and-smile-io,true,https://storeradar.co/apps-sitemap.xml,2026-09-28
app_cohort,https://storeradar.co/apps/stack/powr-and-visually,true,https://storeradar.co/apps-sitemap.xml,2026-09-28
app_cohort,https://storeradar.co/apps/stack/powr-and-yotpo,true,https://storeradar.co/apps-sitemap.xml,2026-09-28
app_cohort,https://storeradar.co/apps/stack/printful-and-privy,true,https://storeradar.co/apps-sitemap.xml,2026-09-28
app_cohort,https://storeradar.co/apps/stack/printful-and-productbadge,true,https://storeradar.co/apps-sitemap.xml,2026-09-28
app_cohort,https://storeradar.co/apps/stack/printful-and-shop-pay,true,https://storeradar.co/apps-sitemap.xml,2026-09-28
app_cohort,https://storeradar.co/apps/stack/printful-and-smile-io,true,https://storeradar.co/apps-sitemap.xml,2026-09-28
app_cohort,https://storeradar.co/apps/stack/printful-and-visually,true,https://storeradar.co/apps-sitemap.xml,2026-09-28
app_cohort,https://storeradar.co/apps/stack/privy-and-shop-pay,true,https://storeradar.co/apps-sitemap.xml,2026-09-28
app_cohort,https://storeradar.co/apps/stack/privy-and-smile-io,true,https://storeradar.co/apps-sitemap.xml,2026-09-28
app_cohort,https://storeradar.co/apps/stack/privy-and-visually,true,https://storeradar.co/apps-sitemap.xml,2026-09-28
app_cohort,https://storeradar.co/apps/stack/privy-and-yotpo,true,https://storeradar.co/apps-sitemap.xml,2026-09-28
app_cohort,https://storeradar.co/apps/stack/productbadge-and-shop-pay,true,https://storeradar.co/apps-sitemap.xml,2026-09-28
app_cohort,https://storeradar.co/apps/stack/productbadge-and-smile-io,true,https://storeradar.co/apps-sitemap.xml,2026-09-28
app_cohort,https://storeradar.co/apps/stack/productbadge-and-swym,true,https://storeradar.co/apps-sitemap.xml,2026-09-28
app_cohort,https://storeradar.co/apps/stack/productbadge-and-visually,true,https://storeradar.co/apps-sitemap.xml,2026-09-28
app_cohort,https://storeradar.co/apps/stack/productbadge-and-weglot,true,https://storeradar.co/apps-sitemap.xml,2026-09-28
app_cohort,https://storeradar.co/apps/stack/productbadge-and-yotpo,true,https://storeradar.co/apps-sitemap.xml,2026-09-28
app_cohort,https://storeradar.co/apps/stack/shop-pay-and-smile-io,true,https://storeradar.co/apps-sitemap.xml,2026-09-28
app_cohort,https://storeradar.co/apps/stack/shop-pay-and-swym,true,https://storeradar.co/apps-sitemap.xml,2026-09-28
app_cohort,https://storeradar.co/apps/stack/shop-pay-and-visually,true,https://storeradar.co/apps-sitemap.xml,2026-09-28
app_cohort,https://storeradar.co/apps/stack/shop-pay-and-weglot,true,https://storeradar.co/apps-sitemap.xml,2026-09-28
app_cohort,https://storeradar.co/apps/stack/shop-pay-and-yotpo,true,https://storeradar.co/apps-sitemap.xml,2026-09-28
app_cohort,https://storeradar.co/apps/stack/smile-io-and-swym,true,https://storeradar.co/apps-sitemap.xml,2026-09-28
app_cohort,https://storeradar.co/apps/stack/smile-io-and-visually,true,https://storeradar.co/apps-sitemap.xml,2026-09-28
app_cohort,https://storeradar.co/apps/stack/smile-io-and-weglot,true,https://storeradar.co/apps-sitemap.xml,2026-09-28
app_cohort,https://storeradar.co/apps/stack/smile-io-and-yotpo,true,https://storeradar.co/apps-sitemap.xml,2026-09-28
app_cohort,https://storeradar.co/apps/stack/swym-and-visually,true,https://storeradar.co/apps-sitemap.xml,2026-09-28
app_cohort,https://storeradar.co/apps/stack/swym-and-weglot,true,https://storeradar.co/apps-sitemap.xml,2026-09-28
app_cohort,https://storeradar.co/apps/stack/swym-and-yotpo,true,https://storeradar.co/apps-sitemap.xml,2026-09-28
app_cohort,https://storeradar.co/apps/stack/visually-and-weglot,true,https://storeradar.co/apps-sitemap.xml,2026-09-28
app_cohort,https://storeradar.co/apps/stack/visually-and-yotpo,true,https://storeradar.co/apps-sitemap.xml,2026-09-28
app_cohort,https://storeradar.co/apps/for/shopify-app-developers,true,https://storeradar.co/apps-sitemap.xml,2026-09-28
app_cohort,https://storeradar.co/apps/for/ecommerce-saas,true,https://storeradar.co/apps-sitemap.xml,2026-09-28
app_cohort,https://storeradar.co/apps/for/ecommerce-agencies,true,https://storeradar.co/apps-sitemap.xml,2026-09-28
app_cohort,https://storeradar.co/apps/for/shopify-app-developers/email-marketing,true,https://storeradar.co/apps-sitemap.xml,2026-09-28
app_cohort,https://storeradar.co/apps/for/shopify-app-developers/reviews-social-proof,true,https://storeradar.co/apps-sitemap.xml,2026-09-28
app_cohort,https://storeradar.co/apps/for/shopify-app-developers/storefront-page-building,true,https://storeradar.co/apps-sitemap.xml,2026-09-28
app_cohort,https://storeradar.co/apps/for/shopify-app-developers/booking-preorder-forms,true,https://storeradar.co/apps-sitemap.xml,2026-09-28
app_cohort,https://storeradar.co/apps/for/ecommerce-saas/booking-preorder-forms,true,https://storeradar.co/apps-sitemap.xml,2026-09-28
app_cohort,https://storeradar.co/apps/for/ecommerce-saas/payments-checkout,true,https://storeradar.co/apps-sitemap.xml,2026-09-28
app_cohort,https://storeradar.co/apps/for/ecommerce-saas/b2b-wholesale,true,https://storeradar.co/apps-sitemap.xml,2026-09-28
app_cohort,https://storeradar.co/apps/for/ecommerce-saas/international-privacy-accessibility,true,https://storeradar.co/apps-sitemap.xml,2026-09-28
app_cohort,https://storeradar.co/apps/for/ecommerce-agencies/seo-site-health,true,https://storeradar.co/apps-sitemap.xml,2026-09-28
app_cohort,https://storeradar.co/apps/for/ecommerce-agencies/cro-personalization,true,https://storeradar.co/apps-sitemap.xml,2026-09-28
app_cohort,https://storeradar.co/apps/for/ecommerce-agencies/storefront-page-building,true,https://storeradar.co/apps-sitemap.xml,2026-09-28
app_cohort,https://storeradar.co/apps/for/ecommerce-agencies/shipping-returns,true,https://storeradar.co/apps-sitemap.xml,2026-09-28
app_cohort,https://storeradar.co/apps/ab-tasty,true,https://storeradar.co/apps-sitemap.xml,2026-09-28
app_cohort,https://storeradar.co/apps/accessibe,true,https://storeradar.co/apps-sitemap.xml,2026-09-28
app_cohort,https://storeradar.co/apps/activecampaign,true,https://storeradar.co/apps-sitemap.xml,2026-09-28
app_cohort,https://storeradar.co/apps/affirm,true,https://storeradar.co/apps-sitemap.xml,2026-09-28
app_cohort,https://storeradar.co/apps/afterpay,true,https://storeradar.co/apps-sitemap.xml,2026-09-28
app_cohort,https://storeradar.co/apps/aftersell,true,https://storeradar.co/apps-sitemap.xml,2026-09-28
app_cohort,https://storeradar.co/apps/aftership-returns,true,https://storeradar.co/apps-sitemap.xml,2026-09-28
app_cohort,https://storeradar.co/apps/age-check,true,https://storeradar.co/apps-sitemap.xml,2026-09-28
app_cohort,https://storeradar.co/apps/age-verification,true,https://storeradar.co/apps-sitemap.xml,2026-09-28
app_cohort,https://storeradar.co/apps/algolia,true,https://storeradar.co/apps-sitemap.xml,2026-09-28
app_cohort,https://storeradar.co/apps/ali-reviews,true,https://storeradar.co/apps-sitemap.xml,2026-09-28
app_cohort,https://storeradar.co/apps/also-bought,true,https://storeradar.co/apps-sitemap.xml,2026-09-28
app_cohort,https://storeradar.co/apps/angle-3d,true,https://storeradar.co/apps-sitemap.xml,2026-09-28
app_cohort,https://storeradar.co/apps/annex-cloud,true,https://storeradar.co/apps-sitemap.xml,2026-09-28
app_cohort,https://storeradar.co/apps/antavo,true,https://storeradar.co/apps-sitemap.xml,2026-09-28
app_cohort,https://storeradar.co/apps/appointo,true,https://storeradar.co/apps-sitemap.xml,2026-09-28
app_cohort,https://storeradar.co/apps/appstle,true,https://storeradar.co/apps-sitemap.xml,2026-09-28
app_cohort,https://storeradar.co/apps/aryel,true,https://storeradar.co/apps-sitemap.xml,2026-09-28
app_cohort,https://storeradar.co/apps/assortion,true,https://storeradar.co/apps-sitemap.xml,2026-09-28
app_cohort,https://storeradar.co/apps/attentive,true,https://storeradar.co/apps-sitemap.xml,2026-09-28
app_cohort,https://storeradar.co/apps/audioeye,true,https://storeradar.co/apps-sitemap.xml,2026-09-28
app_cohort,https://storeradar.co/apps/auglio,true,https://storeradar.co/apps-sitemap.xml,2026-09-28
app_cohort,https://storeradar.co/apps/auto-currency,true,https://storeradar.co/apps-sitemap.xml,2026-09-28
app_cohort,https://storeradar.co/apps/autods,true,https://storeradar.co/apps-sitemap.xml,2026-09-28
app_cohort,https://storeradar.co/apps/avada-seo,true,https://storeradar.co/apps-sitemap.xml,2026-09-28
app_cohort,https://storeradar.co/apps/bablic,true,https://storeradar.co/apps-sitemap.xml,2026-09-28
app_cohort,https://storeradar.co/apps/bambuser,true,https://storeradar.co/apps-sitemap.xml,2026-09-28
app_cohort,https://storeradar.co/apps/barilliance,true,https://storeradar.co/apps-sitemap.xml,2026-09-28
app_cohort,https://storeradar.co/apps/bazaarvoice,true,https://storeradar.co/apps-sitemap.xml,2026-09-28
app_cohort,https://storeradar.co/apps/beae,true,https://storeradar.co/apps-sitemap.xml,2026-09-28
app_cohort,https://storeradar.co/apps/bold,true,https://storeradar.co/apps-sitemap.xml,2026-09-28
app_cohort,https://storeradar.co/apps/bon-loyalty,true,https://storeradar.co/apps-sitemap.xml,2026-09-28
app_cohort,https://storeradar.co/apps/bookthatapp,true,https://storeradar.co/apps-sitemap.xml,2026-09-28
app_cohort,https://storeradar.co/apps/boost-commerce,true,https://storeradar.co/apps-sitemap.xml,2026-09-28
app_cohort,https://storeradar.co/apps/brevo,true,https://storeradar.co/apps-sitemap.xml,2026-09-28
app_cohort,https://storeradar.co/apps/bss-b2b,true,https://storeradar.co/apps-sitemap.xml,2026-09-28
app_cohort,https://storeradar.co/apps/bundler,true,https://storeradar.co/apps-sitemap.xml,2026-09-28
app_cohort,https://storeradar.co/apps/candy-rack,true,https://storeradar.co/apps-sitemap.xml,2026-09-28
app_cohort,https://storeradar.co/apps/carthook,true,https://storeradar.co/apps-sitemap.xml,2026-09-28
app_cohort,https://storeradar.co/apps/cartstack,true,https://storeradar.co/apps-sitemap.xml,2026-09-28
app_cohort,https://storeradar.co/apps/chatra,true,https://storeradar.co/apps-sitemap.xml,2026-09-28
app_cohort,https://storeradar.co/apps/checkout-upsell,true,https://storeradar.co/apps-sitemap.xml,2026-09-28
app_cohort,https://storeradar.co/apps/cj-dropshipping,true,https://storeradar.co/apps-sitemap.xml,2026-09-28
app_cohort,https://storeradar.co/apps/clearsale,true,https://storeradar.co/apps-sitemap.xml,2026-09-28
app_cohort,https://storeradar.co/apps/consentmo,true,https://storeradar.co/apps-sitemap.xml,2026-09-28
app_cohort,https://storeradar.co/apps/consistent-cart,true,https://storeradar.co/apps-sitemap.xml,2026-09-28
app_cohort,https://storeradar.co/apps/convert,true,https://storeradar.co/apps-sitemap.xml,2026-09-28
app_cohort,https://storeradar.co/apps/convertflow,true,https://storeradar.co/apps-sitemap.xml,2026-09-28
app_cohort,https://storeradar.co/apps/cookiebot,true,https://storeradar.co/apps-sitemap.xml,2026-09-28
app_cohort,https://storeradar.co/apps/cookieyes,true,https://storeradar.co/apps-sitemap.xml,2026-09-28
app_cohort,https://storeradar.co/apps/cordial,true,https://storeradar.co/apps-sitemap.xml,2026-09-28
app_cohort,https://storeradar.co/apps/corso,true,https://storeradar.co/apps-sitemap.xml,2026-09-28
app_cohort,https://storeradar.co/apps/countdown-timer-bar,true,https://storeradar.co/apps-sitemap.xml,2026-09-28
app_cohort,https://storeradar.co/apps/cowlendar,true,https://storeradar.co/apps-sitemap.xml,2026-09-28
app_cohort,https://storeradar.co/apps/crisp,true,https://storeradar.co/apps-sitemap.xml,2026-09-28
app_cohort,https://storeradar.co/apps/customily,true,https://storeradar.co/apps-sitemap.xml,2026-09-28
app_cohort,https://storeradar.co/apps/doofinder,true,https://storeradar.co/apps-sitemap.xml,2026-09-28
app_cohort,https://storeradar.co/apps/dotdigital,true,https://storeradar.co/apps-sitemap.xml,2026-09-28
app_cohort,https://storeradar.co/apps/drift,true,https://storeradar.co/apps-sitemap.xml,2026-09-28
app_cohort,https://storeradar.co/apps/drip,true,https://storeradar.co/apps-sitemap.xml,2026-09-28
app_cohort,https://storeradar.co/apps/dsers,true,https://storeradar.co/apps-sitemap.xml,2026-09-28
app_cohort,https://storeradar.co/apps/easy-appointment,true,https://storeradar.co/apps-sitemap.xml,2026-09-28
app_cohort,https://storeradar.co/apps/ecomposer,true,https://storeradar.co/apps-sitemap.xml,2026-09-28
app_cohort,https://storeradar.co/apps/elevar,true,https://storeradar.co/apps-sitemap.xml,2026-09-28
app_cohort,https://storeradar.co/apps/elfsight,true,https://storeradar.co/apps-sitemap.xml,2026-09-28
app_cohort,https://storeradar.co/apps/embedsocial,true,https://storeradar.co/apps-sitemap.xml,2026-09-28
app_cohort,https://storeradar.co/apps/enquire-labs,true,https://storeradar.co/apps-sitemap.xml,2026-09-28
app_cohort,https://storeradar.co/apps/equalweb,true,https://storeradar.co/apps-sitemap.xml,2026-09-28
app_cohort,https://storeradar.co/apps/extend,true,https://storeradar.co/apps-sitemap.xml,2026-09-28
app_cohort,https://storeradar.co/apps/extole,true,https://storeradar.co/apps-sitemap.xml,2026-09-28
app_cohort,https://storeradar.co/apps/faire,true,https://storeradar.co/apps-sitemap.xml,2026-09-28
app_cohort,https://storeradar.co/apps/fast-bundle,true,https://storeradar.co/apps-sitemap.xml,2026-09-28
app_cohort,https://storeradar.co/apps/fast-simon,true,https://storeradar.co/apps-sitemap.xml,2026-09-28
app_cohort,https://storeradar.co/apps/feefo,true,https://storeradar.co/apps-sitemap.xml,2026-09-28
app_cohort,https://storeradar.co/apps/fera-ai,true,https://storeradar.co/apps-sitemap.xml,2026-09-28
app_cohort,https://storeradar.co/apps/findify,true,https://storeradar.co/apps-sitemap.xml,2026-09-28
app_cohort,https://storeradar.co/apps/firepush,true,https://storeradar.co/apps-sitemap.xml,2026-09-28
app_cohort,https://storeradar.co/apps/firework,true,https://storeradar.co/apps-sitemap.xml,2026-09-28
app_cohort,https://storeradar.co/apps/fit-quiz,true,https://storeradar.co/apps-sitemap.xml,2026-09-28
app_cohort,https://storeradar.co/apps/flockler,true,https://storeradar.co/apps-sitemap.xml,2026-09-28
app_cohort,https://storeradar.co/apps/fomo,true,https://storeradar.co/apps-sitemap.xml,2026-09-28
app_cohort,https://storeradar.co/apps/foursixty,true,https://storeradar.co/apps-sitemap.xml,2026-09-28
app_cohort,https://storeradar.co/apps/frequently-bought-together,true,https://storeradar.co/apps-sitemap.xml,2026-09-28
app_cohort,https://storeradar.co/apps/freshdesk,true,https://storeradar.co/apps-sitemap.xml,2026-09-28
app_cohort,https://storeradar.co/apps/fullstory,true,https://storeradar.co/apps-sitemap.xml,2026-09-28
app_cohort,https://storeradar.co/apps/gdpr-legal-cookie,true,https://storeradar.co/apps-sitemap.xml,2026-09-28
app_cohort,https://storeradar.co/apps/gelato,true,https://storeradar.co/apps-sitemap.xml,2026-09-28
app_cohort,https://storeradar.co/apps/gempages,true,https://storeradar.co/apps-sitemap.xml,2026-09-28
app_cohort,https://storeradar.co/apps/getsitecontrol,true,https://storeradar.co/apps-sitemap.xml,2026-09-28
app_cohort,https://storeradar.co/apps/gift-reggie,true,https://storeradar.co/apps-sitemap.xml,2026-09-28
app_cohort,https://storeradar.co/apps/giftup,true,https://storeradar.co/apps-sitemap.xml,2026-09-28
app_cohort,https://storeradar.co/apps/gist,true,https://storeradar.co/apps-sitemap.xml,2026-09-28
app_cohort,https://storeradar.co/apps/gladly,true,https://storeradar.co/apps-sitemap.xml,2026-09-28
app_cohort,https://storeradar.co/apps/glew,true,https://storeradar.co/apps-sitemap.xml,2026-09-28
app_cohort,https://storeradar.co/apps/glood-ai,true,https://storeradar.co/apps-sitemap.xml,2026-09-28
app_cohort,https://storeradar.co/apps/gooten,true,https://storeradar.co/apps-sitemap.xml,2026-09-28
app_cohort,https://storeradar.co/apps/gorgias,true,https://storeradar.co/apps-sitemap.xml,2026-09-28
app_cohort,https://storeradar.co/apps/govalo,true,https://storeradar.co/apps-sitemap.xml,2026-09-28
app_cohort,https://storeradar.co/apps/growave,true,https://storeradar.co/apps-sitemap.xml,2026-09-28
app_cohort,https://storeradar.co/apps/growave-wishlist,true,https://storeradar.co/apps-sitemap.xml,2026-09-28
app_cohort,https://storeradar.co/apps/gtranslate,true,https://storeradar.co/apps-sitemap.xml,2026-09-28
app_cohort,https://storeradar.co/apps/handshake,true,https://storeradar.co/apps-sitemap.xml,2026-09-28
app_cohort,https://storeradar.co/apps/happy-returns,true,https://storeradar.co/apps-sitemap.xml,2026-09-28
app_cohort,https://storeradar.co/apps/helpscout,true,https://storeradar.co/apps-sitemap.xml,2026-09-28
app_cohort,https://storeradar.co/apps/hulk-product-options,true,https://storeradar.co/apps-sitemap.xml,2026-09-28
app_cohort,https://storeradar.co/apps/hurrify,true,https://storeradar.co/apps-sitemap.xml,2026-09-28
app_cohort,https://storeradar.co/apps/impact,true,https://storeradar.co/apps-sitemap.xml,2026-09-28
app_cohort,https://storeradar.co/apps/in-cart-upsell,true,https://storeradar.co/apps-sitemap.xml,2026-09-28
app_cohort,https://storeradar.co/apps/infinite-options,true,https://storeradar.co/apps-sitemap.xml,2026-09-28
app_cohort,https://storeradar.co/apps/inkybay,true,https://storeradar.co/apps-sitemap.xml,2026-09-28
app_cohort,https://storeradar.co/apps/insightech,true,https://storeradar.co/apps-sitemap.xml,2026-09-28
app_cohort,https://storeradar.co/apps/instafeed,true,https://storeradar.co/apps-sitemap.xml,2026-09-28
app_cohort,https://storeradar.co/apps/instant,true,https://storeradar.co/apps-sitemap.xml,2026-09-28
app_cohort,https://storeradar.co/apps/insureshield,true,https://storeradar.co/apps-sitemap.xml,2026-09-28
app_cohort,https://storeradar.co/apps/intelligems,true,https://storeradar.co/apps-sitemap.xml,2026-09-28
app_cohort,https://storeradar.co/apps/intercom,true,https://storeradar.co/apps-sitemap.xml,2026-09-28
app_cohort,https://storeradar.co/apps/iubenda,true,https://storeradar.co/apps-sitemap.xml,2026-09-28
app_cohort,https://storeradar.co/apps/izooto,true,https://storeradar.co/apps-sitemap.xml,2026-09-28
app_cohort,https://storeradar.co/apps/izyrent,true,https://storeradar.co/apps-sitemap.xml,2026-09-28
app_cohort,https://storeradar.co/apps/jotform,true,https://storeradar.co/apps-sitemap.xml,2026-09-28
app_cohort,https://storeradar.co/apps/json-ld-for-seo,true,https://storeradar.co/apps-sitemap.xml,2026-09-28
app_cohort,https://storeradar.co/apps/judge-me,true,https://storeradar.co/apps-sitemap.xml,2026-09-28
app_cohort,https://storeradar.co/apps/juicer,true,https://storeradar.co/apps-sitemap.xml,2026-09-28
app_cohort,https://storeradar.co/apps/justuno,true,https://storeradar.co/apps-sitemap.xml,2026-09-28
app_cohort,https://storeradar.co/apps/kaching-bundles,true,https://storeradar.co/apps-sitemap.xml,2026-09-28
app_cohort,https://storeradar.co/apps/kiwi-sizing,true,https://storeradar.co/apps-sitemap.xml,2026-09-28
app_cohort,https://storeradar.co/apps/klarna,true,https://storeradar.co/apps-sitemap.xml,2026-09-28
app_cohort,https://storeradar.co/apps/klaviyo,true,https://storeradar.co/apps-sitemap.xml,2026-09-28
app_cohort,https://storeradar.co/apps/klevu,true,https://storeradar.co/apps-sitemap.xml,2026-09-28
app_cohort,https://storeradar.co/apps/langify,true,https://storeradar.co/apps-sitemap.xml,2026-09-28
app_cohort,https://storeradar.co/apps/laybuy,true,https://storeradar.co/apps-sitemap.xml,2026-09-28
app_cohort,https://storeradar.co/apps/limespot,true,https://storeradar.co/apps-sitemap.xml,2026-09-28
app_cohort,https://storeradar.co/apps/listrak,true,https://storeradar.co/apps-sitemap.xml,2026-09-28
app_cohort,https://storeradar.co/apps/livechat,true,https://storeradar.co/apps-sitemap.xml,2026-09-28
app_cohort,https://storeradar.co/apps/loop-returns,true,https://storeradar.co/apps-sitemap.xml,2026-09-28
app_cohort,https://storeradar.co/apps/loop-subscriptions,true,https://storeradar.co/apps-sitemap.xml,2026-09-28
app_cohort,https://storeradar.co/apps/loox,true,https://storeradar.co/apps-sitemap.xml,2026-09-28
app_cohort,https://storeradar.co/apps/loyaltylion,true,https://storeradar.co/apps-sitemap.xml,2026-09-28
app_cohort,https://storeradar.co/apps/lucky-orange,true,https://storeradar.co/apps-sitemap.xml,2026-09-28
app_cohort,https://storeradar.co/apps/mailchimp,true,https://storeradar.co/apps-sitemap.xml,2026-09-28
app_cohort,https://storeradar.co/apps/marsello,true,https://storeradar.co/apps-sitemap.xml,2026-09-28
app_cohort,https://storeradar.co/apps/mason,true,https://storeradar.co/apps-sitemap.xml,2026-09-28
app_cohort,https://storeradar.co/apps/mention-me,true,https://storeradar.co/apps-sitemap.xml,2026-09-28
app_cohort,https://storeradar.co/apps/minimum-age,true,https://storeradar.co/apps-sitemap.xml,2026-09-28
app_cohort,https://storeradar.co/apps/minta,true,https://storeradar.co/apps-sitemap.xml,2026-09-28
app_cohort,https://storeradar.co/apps/modalyst,true,https://storeradar.co/apps-sitemap.xml,2026-09-28
app_cohort,https://storeradar.co/apps/modemagic,true,https://storeradar.co/apps-sitemap.xml,2026-09-28
app_cohort,https://storeradar.co/apps/mouseflow,true,https://storeradar.co/apps-sitemap.xml,2026-09-28
app_cohort,https://storeradar.co/apps/nabu,true,https://storeradar.co/apps-sitemap.xml,2026-09-28
app_cohort,https://storeradar.co/apps/narvar,true,https://storeradar.co/apps-sitemap.xml,2026-09-28
app_cohort,https://storeradar.co/apps/native-subscriptions,true,https://storeradar.co/apps-sitemap.xml,2026-09-28
app_cohort,https://storeradar.co/apps/netcore-search,true,https://storeradar.co/apps-sitemap.xml,2026-09-28
app_cohort,https://storeradar.co/apps/nofraud,true,https://storeradar.co/apps-sitemap.xml,2026-09-28
app_cohort,https://storeradar.co/apps/northbeam,true,https://storeradar.co/apps-sitemap.xml,2026-09-28
app_cohort,https://storeradar.co/apps/nosto,true,https://storeradar.co/apps-sitemap.xml,2026-09-28
app_cohort,https://storeradar.co/apps/notify-me,true,https://storeradar.co/apps-sitemap.xml,2026-09-28
app_cohort,https://storeradar.co/apps/nova-currency,true,https://storeradar.co/apps-sitemap.xml,2026-09-28
app_cohort,https://storeradar.co/apps/nudgify,true,https://storeradar.co/apps-sitemap.xml,2026-09-28
app_cohort,https://storeradar.co/apps/octane-ai,true,https://storeradar.co/apps-sitemap.xml,2026-09-28
app_cohort,https://storeradar.co/apps/okendo,true,https://storeradar.co/apps-sitemap.xml,2026-09-28
app_cohort,https://storeradar.co/apps/olark,true,https://storeradar.co/apps-sitemap.xml,2026-09-28
app_cohort,https://storeradar.co/apps/omnisend,true,https://storeradar.co/apps-sitemap.xml,2026-09-28
app_cohort,https://storeradar.co/apps/onesignal,true,https://storeradar.co/apps-sitemap.xml,2026-09-28
app_cohort,https://storeradar.co/apps/onetrust,true,https://storeradar.co/apps-sitemap.xml,2026-09-28
app_cohort,https://storeradar.co/apps/optimizely,true,https://storeradar.co/apps-sitemap.xml,2026-09-28
app_cohort,https://storeradar.co/apps/optimonk,true,https://storeradar.co/apps-sitemap.xml,2026-09-28
app_cohort,https://storeradar.co/apps/orbit-wholesale,true,https://storeradar.co/apps-sitemap.xml,2026-09-28
app_cohort,https://storeradar.co/apps/ordergroove,true,https://storeradar.co/apps-sitemap.xml,2026-09-28
app_cohort,https://storeradar.co/apps/ordersify,true,https://storeradar.co/apps-sitemap.xml,2026-09-28
app_cohort,https://storeradar.co/apps/pagefly,true,https://storeradar.co/apps-sitemap.xml,2026-09-28
app_cohort,https://storeradar.co/apps/paidy,true,https://storeradar.co/apps-sitemap.xml,2026-09-28
app_cohort,https://storeradar.co/apps/pandectes-gdpr,true,https://storeradar.co/apps-sitemap.xml,2026-09-28
app_cohort,https://storeradar.co/apps/paytomorrow,true,https://storeradar.co/apps-sitemap.xml,2026-09-28
app_cohort,https://storeradar.co/apps/paywhirl,true,https://storeradar.co/apps-sitemap.xml,2026-09-28
app_cohort,https://storeradar.co/apps/pickystory,true,https://storeradar.co/apps-sitemap.xml,2026-09-28
app_cohort,https://storeradar.co/apps/plobal-apps,true,https://storeradar.co/apps-sitemap.xml,2026-09-28
app_cohort,https://storeradar.co/apps/plug-in-seo,true,https://storeradar.co/apps-sitemap.xml,2026-09-28
app_cohort,https://storeradar.co/apps/podium,true,https://storeradar.co/apps-sitemap.xml,2026-09-28
app_cohort,https://storeradar.co/apps/polar-analytics,true,https://storeradar.co/apps-sitemap.xml,2026-09-28
app_cohort,https://storeradar.co/apps/postscript,true,https://storeradar.co/apps-sitemap.xml,2026-09-28
app_cohort,https://storeradar.co/apps/powerreviews,true,https://storeradar.co/apps-sitemap.xml,2026-09-28
app_cohort,https://storeradar.co/apps/powr,true,https://storeradar.co/apps-sitemap.xml,2026-09-28
app_cohort,https://storeradar.co/apps/preorder-now,true,https://storeradar.co/apps-sitemap.xml,2026-09-28
app_cohort,https://storeradar.co/apps/printful,true,https://storeradar.co/apps-sitemap.xml,2026-09-28
app_cohort,https://storeradar.co/apps/printify,true,https://storeradar.co/apps-sitemap.xml,2026-09-28
app_cohort,https://storeradar.co/apps/privy,true,https://storeradar.co/apps-sitemap.xml,2026-09-28
app_cohort,https://storeradar.co/apps/product-personalizer,true,https://storeradar.co/apps-sitemap.xml,2026-09-28
app_cohort,https://storeradar.co/apps/productbadge,true,https://storeradar.co/apps-sitemap.xml,2026-09-28
app_cohort,https://storeradar.co/apps/proof-factor,true,https://storeradar.co/apps-sitemap.xml,2026-09-28
app_cohort,https://storeradar.co/apps/provesource,true,https://storeradar.co/apps-sitemap.xml,2026-09-28
app_cohort,https://storeradar.co/apps/pushnami,true,https://storeradar.co/apps-sitemap.xml,2026-09-28
app_cohort,https://storeradar.co/apps/pushowl,true,https://storeradar.co/apps-sitemap.xml,2026-09-28
app_cohort,https://storeradar.co/apps/re-amaze,true,https://storeradar.co/apps-sitemap.xml,2026-09-28
app_cohort,https://storeradar.co/apps/rebuy,true,https://storeradar.co/apps-sitemap.xml,2026-09-28
app_cohort,https://storeradar.co/apps/recart,true,https://storeradar.co/apps-sitemap.xml,2026-09-28
app_cohort,https://storeradar.co/apps/recharge,true,https://storeradar.co/apps-sitemap.xml,2026-09-28
app_cohort,https://storeradar.co/apps/reconvert,true,https://storeradar.co/apps-sitemap.xml,2026-09-28
app_cohort,https://storeradar.co/apps/recurpay,true,https://storeradar.co/apps-sitemap.xml,2026-09-28
app_cohort,https://storeradar.co/apps/referralcandy,true,https://storeradar.co/apps-sitemap.xml,2026-09-28
app_cohort,https://storeradar.co/apps/refersion,true,https://storeradar.co/apps-sitemap.xml,2026-09-28
app_cohort,https://storeradar.co/apps/replo,true,https://storeradar.co/apps-sitemap.xml,2026-09-28
app_cohort,https://storeradar.co/apps/restock-rocket,true,https://storeradar.co/apps-sitemap.xml,2026-09-28
app_cohort,https://storeradar.co/apps/return-prime,true,https://storeradar.co/apps-sitemap.xml,2026-09-28
app_cohort,https://storeradar.co/apps/returngo,true,https://storeradar.co/apps-sitemap.xml,2026-09-28
app_cohort,https://storeradar.co/apps/revenuehunt,true,https://storeradar.co/apps-sitemap.xml,2026-09-28
app_cohort,https://storeradar.co/apps/reviews-io,true,https://storeradar.co/apps-sitemap.xml,2026-09-28
app_cohort,https://storeradar.co/apps/richpanel,true,https://storeradar.co/apps-sitemap.xml,2026-09-28
app_cohort,https://storeradar.co/apps/rise-ai,true,https://storeradar.co/apps-sitemap.xml,2026-09-28
app_cohort,https://storeradar.co/apps/rivo,true,https://storeradar.co/apps-sitemap.xml,2026-09-28
app_cohort,https://storeradar.co/apps/rivyo,true,https://storeradar.co/apps-sitemap.xml,2026-09-28
app_cohort,https://storeradar.co/apps/rockerbox,true,https://storeradar.co/apps-sitemap.xml,2026-09-28
app_cohort,https://storeradar.co/apps/route,true,https://storeradar.co/apps-sitemap.xml,2026-09-28
app_cohort,https://storeradar.co/apps/sales-pop,true,https://storeradar.co/apps-sitemap.xml,2026-09-28
app_cohort,https://storeradar.co/apps/schema-plus,true,https://storeradar.co/apps-sitemap.xml,2026-09-28
app_cohort,https://storeradar.co/apps/seal-subscriptions,true,https://storeradar.co/apps-sitemap.xml,2026-09-28
app_cohort,https://storeradar.co/apps/searchanise,true,https://storeradar.co/apps-sitemap.xml,2026-09-28
app_cohort,https://storeradar.co/apps/searchpie,true,https://storeradar.co/apps-sitemap.xml,2026-09-28
app_cohort,https://storeradar.co/apps/segmentify,true,https://storeradar.co/apps-sitemap.xml,2026-09-28
app_cohort,https://storeradar.co/apps/selleasy,true,https://storeradar.co/apps-sitemap.xml,2026-09-28
app_cohort,https://storeradar.co/apps/sendlane,true,https://storeradar.co/apps-sitemap.xml,2026-09-28
app_cohort,https://storeradar.co/apps/sendowl,true,https://storeradar.co/apps-sitemap.xml,2026-09-28
app_cohort,https://storeradar.co/apps/seo-booster,true,https://storeradar.co/apps-sitemap.xml,2026-09-28
app_cohort,https://storeradar.co/apps/seo-manager,true,https://storeradar.co/apps-sitemap.xml,2026-09-28
app_cohort,https://storeradar.co/apps/seoant,true,https://storeradar.co/apps-sitemap.xml,2026-09-28
app_cohort,https://storeradar.co/apps/sesami,true,https://storeradar.co/apps-sitemap.xml,2026-09-28
app_cohort,https://storeradar.co/apps/sezzle,true,https://storeradar.co/apps-sitemap.xml,2026-09-28
app_cohort,https://storeradar.co/apps/shareasale,true,https://storeradar.co/apps-sitemap.xml,2026-09-28
app_cohort,https://storeradar.co/apps/shipinsure,true,https://storeradar.co/apps-sitemap.xml,2026-09-28
app_cohort,https://storeradar.co/apps/shogun,true,https://storeradar.co/apps-sitemap.xml,2026-09-28
app_cohort,https://storeradar.co/apps/shop-pay,true,https://storeradar.co/apps-sitemap.xml,2026-09-28
app_cohort,https://storeradar.co/apps/shopper-approved,true,https://storeradar.co/apps-sitemap.xml,2026-09-28
app_cohort,https://storeradar.co/apps/signifyd,true,https://storeradar.co/apps-sitemap.xml,2026-09-28
app_cohort,https://storeradar.co/apps/simprosys,true,https://storeradar.co/apps-sitemap.xml,2026-09-28
app_cohort,https://storeradar.co/apps/size-matters,true,https://storeradar.co/apps-sitemap.xml,2026-09-28
app_cohort,https://storeradar.co/apps/sizebay,true,https://storeradar.co/apps-sitemap.xml,2026-09-28
app_cohort,https://storeradar.co/apps/skimlinks,true,https://storeradar.co/apps-sitemap.xml,2026-09-28
app_cohort,https://storeradar.co/apps/skio,true,https://storeradar.co/apps-sitemap.xml,2026-09-28
app_cohort,https://storeradar.co/apps/sky-pilot,true,https://storeradar.co/apps-sitemap.xml,2026-09-28
app_cohort,https://storeradar.co/apps/smart-bar,true,https://storeradar.co/apps-sitemap.xml,2026-09-28
app_cohort,https://storeradar.co/apps/smartsupp,true,https://storeradar.co/apps-sitemap.xml,2026-09-28
app_cohort,https://storeradar.co/apps/smile-io,true,https://storeradar.co/apps-sitemap.xml,2026-09-28
app_cohort,https://storeradar.co/apps/smsbump,true,https://storeradar.co/apps-sitemap.xml,2026-09-28
app_cohort,https://storeradar.co/apps/socialwidget,true,https://storeradar.co/apps-sitemap.xml,2026-09-28
app_cohort,https://storeradar.co/apps/spin-a-sale,true,https://storeradar.co/apps-sitemap.xml,2026-09-28
app_cohort,https://storeradar.co/apps/splitit,true,https://storeradar.co/apps-sitemap.xml,2026-09-28
app_cohort,https://storeradar.co/apps/spocket,true,https://storeradar.co/apps-sitemap.xml,2026-09-28
app_cohort,https://storeradar.co/apps/spod,true,https://storeradar.co/apps-sitemap.xml,2026-09-28
app_cohort,https://storeradar.co/apps/stamped,true,https://storeradar.co/apps-sitemap.xml,2026-09-28
app_cohort,https://storeradar.co/apps/stay-ai,true,https://storeradar.co/apps-sitemap.xml,2026-09-28
app_cohort,https://storeradar.co/apps/sumo,true,https://storeradar.co/apps-sitemap.xml,2026-09-28
app_cohort,https://storeradar.co/apps/swym,true,https://storeradar.co/apps-sitemap.xml,2026-09-28
app_cohort,https://storeradar.co/apps/t-lab,true,https://storeradar.co/apps-sitemap.xml,2026-09-28
app_cohort,https://storeradar.co/apps/tabby,true,https://storeradar.co/apps-sitemap.xml,2026-09-28
app_cohort,https://storeradar.co/apps/tagembed,true,https://storeradar.co/apps-sitemap.xml,2026-09-28
app_cohort,https://storeradar.co/apps/tally,true,https://storeradar.co/apps-sitemap.xml,2026-09-28
app_cohort,https://storeradar.co/apps/tamara,true,https://storeradar.co/apps-sitemap.xml,2026-09-28
app_cohort,https://storeradar.co/apps/tapcart,true,https://storeradar.co/apps-sitemap.xml,2026-09-28
app_cohort,https://storeradar.co/apps/tapfiliate,true,https://storeradar.co/apps-sitemap.xml,2026-09-28
app_cohort,https://storeradar.co/apps/tapita,true,https://storeradar.co/apps-sitemap.xml,2026-09-28
app_cohort,https://storeradar.co/apps/tawk-to,true,https://storeradar.co/apps-sitemap.xml,2026-09-28
app_cohort,https://storeradar.co/apps/teeinblue,true,https://storeradar.co/apps-sitemap.xml,2026-09-28
app_cohort,https://storeradar.co/apps/tidio,true,https://storeradar.co/apps-sitemap.xml,2026-09-28
app_cohort,https://storeradar.co/apps/timesact,true,https://storeradar.co/apps-sitemap.xml,2026-09-28
app_cohort,https://storeradar.co/apps/tinyimg,true,https://storeradar.co/apps-sitemap.xml,2026-09-28
app_cohort,https://storeradar.co/apps/tipo,true,https://storeradar.co/apps-sitemap.xml,2026-09-28
app_cohort,https://storeradar.co/apps/tolstoy,true,https://storeradar.co/apps-sitemap.xml,2026-09-28
app_cohort,https://storeradar.co/apps/transcy,true,https://storeradar.co/apps-sitemap.xml,2026-09-28
app_cohort,https://storeradar.co/apps/trendsi,true,https://storeradar.co/apps-sitemap.xml,2026-09-28
app_cohort,https://storeradar.co/apps/trustarc,true,https://storeradar.co/apps-sitemap.xml,2026-09-28
app_cohort,https://storeradar.co/apps/trustpilot,true,https://storeradar.co/apps-sitemap.xml,2026-09-28
app_cohort,https://storeradar.co/apps/trustpulse,true,https://storeradar.co/apps-sitemap.xml,2026-09-28
app_cohort,https://storeradar.co/apps/turnto,true,https://storeradar.co/apps-sitemap.xml,2026-09-28
app_cohort,https://storeradar.co/apps/typeform,true,https://storeradar.co/apps-sitemap.xml,2026-09-28
app_cohort,https://storeradar.co/apps/userlike,true,https://storeradar.co/apps-sitemap.xml,2026-09-28
app_cohort,https://storeradar.co/apps/userway,true,https://storeradar.co/apps-sitemap.xml,2026-09-28
app_cohort,https://storeradar.co/apps/vertebrae,true,https://storeradar.co/apps-sitemap.xml,2026-09-28
app_cohort,https://storeradar.co/apps/videowise,true,https://storeradar.co/apps-sitemap.xml,2026-09-28
app_cohort,https://storeradar.co/apps/visually,true,https://storeradar.co/apps-sitemap.xml,2026-09-28
app_cohort,https://storeradar.co/apps/volume-boost,true,https://storeradar.co/apps-sitemap.xml,2026-09-28
app_cohort,https://storeradar.co/apps/vwo,true,https://storeradar.co/apps-sitemap.xml,2026-09-28
app_cohort,https://storeradar.co/apps/webpushr,true,https://storeradar.co/apps-sitemap.xml,2026-09-28
app_cohort,https://storeradar.co/apps/weglot,true,https://storeradar.co/apps-sitemap.xml,2026-09-28
app_cohort,https://storeradar.co/apps/wheelio,true,https://storeradar.co/apps-sitemap.xml,2026-09-28
app_cohort,https://storeradar.co/apps/wholesale-club,true,https://storeradar.co/apps-sitemap.xml,2026-09-28
app_cohort,https://storeradar.co/apps/wholesale-gorilla,true,https://storeradar.co/apps-sitemap.xml,2026-09-28
app_cohort,https://storeradar.co/apps/wholesale-helper,true,https://storeradar.co/apps-sitemap.xml,2026-09-28
app_cohort,https://storeradar.co/apps/wicked-reports,true,https://storeradar.co/apps-sitemap.xml,2026-09-28
app_cohort,https://storeradar.co/apps/wisepops,true,https://storeradar.co/apps-sitemap.xml,2026-09-28
app_cohort,https://storeradar.co/apps/wishlist-plus,true,https://storeradar.co/apps-sitemap.xml,2026-09-28
app_cohort,https://storeradar.co/apps/yotpo,true,https://storeradar.co/apps-sitemap.xml,2026-09-28
app_cohort,https://storeradar.co/apps/yotpo-loyalty,true,https://storeradar.co/apps-sitemap.xml,2026-09-28
app_cohort,https://storeradar.co/apps/zakeke,true,https://storeradar.co/apps-sitemap.xml,2026-09-28
app_cohort,https://storeradar.co/apps/zendesk,true,https://storeradar.co/apps-sitemap.xml,2026-09-28
app_cohort,https://storeradar.co/apps/zendrop,true,https://storeradar.co/apps-sitemap.xml,2026-09-28
app_cohort,https://storeradar.co/apps/zinrelo,true,https://storeradar.co/apps-sitemap.xml,2026-09-28
app_cohort,https://storeradar.co/apps/zip,true,https://storeradar.co/apps-sitemap.xml,2026-09-28
app_cohort,https://storeradar.co/apps/zipify,true,https://storeradar.co/apps-sitemap.xml,2026-09-28
app_cohort,https://storeradar.co/apps/zipify-pages,true,https://storeradar.co/apps-sitemap.xml,2026-09-28
insight,https://storeradar.co/apps/insights/ai-generated-product-video-ugc-creative-producti-12b849fd5c,true,https://storeradar.co/apps-sitemap.xml,2026-09-28
insight,https://storeradar.co/apps/insights/shopify-storefront-optimization-for-agency-prosp-e37dc35d49,true,https://storeradar.co/apps-sitemap.xml,2026-09-28
insight,https://storeradar.co/apps/insights/virtual-try-on-personalization-merchandising-and-1e6e8e8e38,true,https://storeradar.co/apps-sitemap.xml,2026-09-28
dataset_catalog,https://storeradar.co/datasets/catalog,true,https://storeradar.co/apps-sitemap.xml,2026-09-28
dataset,https://storeradar.co/datasets/shopify-customer-support-stack,true,https://storeradar.co/apps-sitemap.xml,2026-09-28
dataset,https://storeradar.co/datasets/shopify-retention-crm-stack,true,https://storeradar.co/apps-sitemap.xml,2026-09-28
dataset,https://storeradar.co/datasets/shopify-review-social-proof-stack,true,https://storeradar.co/apps-sitemap.xml,2026-09-28
dataset,https://storeradar.co/datasets/shopify-storefront-optimization-stack,true,https://storeradar.co/apps-sitemap.xml,2026-09-28
dataset,https://storeradar.co/datasets/shopify-visual-merchandising-stack,true,https://storeradar.co/apps-sitemap.xml,2026-09-28
